scenario_id,miss_distance_km,risk_score,approx_pc,optimal_action_id,risk_level,time_to_tca_min
sc_00042_ba5cbb6f84,0.9619251135412968,0.9807614977291741,0.00012591583025569836,0,high,285.4054960166667
sc_00059_684b01ffdc,6.782463177391847,0.8643507364521631,2.055038534828009e-14,0,medium,223.95656236666667
sc_00076_510f51c915,0.39435408940861094,0.9921129182118278,0.00018502067444867346,0,critical,296.0893980166667
sc_00093_8159dcf6fa,1.15487956736629,0.9769024086526742,0.00010265877707292503,0,high,355.21182419999997
sc_00110_2e74ffebdb,22.935322343192194,0.5412935531361561,1.2208424027027163e-118,0,low,337.0626278
sc_00127_044a27987f,0.09175678813504129,0.9981648642372992,0.0001991400086479837,0,critical,50.61396735
sc_00144_5fbb538964,0.2604216281165527,0.9947915674376689,0.00019331307984927842,0,high,291.6114072
sc_00161_01f9c6ad8e,1.4880578676736742,0.9702388426465265,6.610008068552354e-05,0,high,184.64117003333334
sc_00178_cb4bcc0fb6,6.62435481545052,0.8675129036909897,5.930174501396909e-14,0,low,281.0730978333333
sc_00195_e10439040f,1.5896875348769695,0.9682062493024606,5.6531074887329226e-05,0,medium,41.33562821666667
sc_00212_c41e3979a8,3.0649268318840774,0.9387014633623184,1.825399324429867e-06,0,medium,218.94344948333335
sc_00229_10d147b80e,0.36743466289583304,0.9926513067420834,0.0001869273438017777,0,critical,320.8288506
sc_00246_29bcb96f64,0.7393344940276871,0.9852133101194462,0.0001521606624700102,0,high,113.29545424999999
sc_00263_a8b39a173a,0.36885109537785,0.992622978092443,0.0001868299057763447,0,high,141.30138004999998
sc_00280_752b53285c,6.096794899633021,0.8780641020073396,1.6991570327324035e-12,0,medium,359.1941368166666
sc_00297_a62cb34227,14.639094401941184,0.7072181119611762,5.892722910513826e-51,0,low,54.601536366666664
sc_00314_e1c5cadf67,1.4683984567536394,0.9706320308649272,6.804900834679655e-05,0,high,334.43891741666664
sc_00331_91cba83e74,17.0579625193015,0.65884074961397,1.3276528898679664e-67,0,low,142.19641756666667
sc_00348_b83b56de29,1.3249927948877525,0.973500144102245,8.313802594637454e-05,0,high,100.02900015
sc_00365_d0ed0e3832,1.5675103210084973,0.96864979357983,5.854501294775762e-05,0,high,280.52192138333334
sc_00382_6f1f59df8b,1.1216694520629942,0.9775666109587401,0.00010661338775369426,0,high,117.89662675
sc_00399_fd9340abfb,5.976878793289042,0.8804624241342192,3.504240652512316e-12,0,medium,254.83264003333335
sc_00416_e08ed7a388,0.2004967208585011,0.99599006558283,0.0001960010298896959,0,critical,30.738685200000003
sc_00433_4b92ecb329,0.2438411218357858,0.9951231775632843,0.00019412282898747312,0,critical,152.02159936666666
sc_00450_cf969228f7,0.2327572448344878,0.9953448551033103,0.00019463618783519974,0,high,192.4787092
sc_00467_3a15066fb5,26.66082384161643,0.46678352316767135,9.295301575265344e-159,0,low,204.70725096666666
sc_00484_0d2d9bed19,7.411988209334715,0.8517602358133057,2.3585105516883165e-16,0,medium,48.565635416666666
sc_00501_50d7c4acf3,27.384827812229773,0.45230344375540454,2.9668858913442554e-167,0,low,358.8206983333333
sc_00518_f760e73ee1,37.3566348006977,0.25286730398604607,1.9877780908730266e-307,0,low,101.16081065
sc_00535_c03f0fb607,0.5946331834172338,0.9881073363316554,0.00016757662976807247,0,high,354.5932771833333
sc_00552_c0c1a882bb,0.6142500930782752,0.9877149981384346,0.00016560155738353514,0,high,70.37677755
sc_00569_e7b9b826e7,0.07814199498207605,0.9984371601003584,0.00019937043787304773,0,critical,294.7359044166667
sc_00586_e823e29d7b,4.740761216813858,0.9051847756637228,2.637121078573446e-09,0,medium,111.32556315000001
sc_00603_244c39798f,3.6634585690425876,0.9267308286191482,2.4375881816736864e-07,0,medium,95.41360226666667
sc_00620_7d8b46df89,4.232573221659712,0.9153485355668057,2.577822791542162e-08,0,medium,333.2314775166667
sc_00637_e8bcaca776,11.434321797442427,0.7713135640511515,8.188198667440847e-33,0,low,158.61123751666668
sc_00654_3da5f76474,39.69819556195047,0.20603608876099055,0.0,0,low,136.71441123333335
sc_00671_6b7830d50a,7.830230599553449,0.843395388008931,9.738121021250164e-18,0,medium,174.50037608333332
sc_00688_a6969eb8b0,21.8180179659883,0.563639640680234,8.782330369363445e-108,0,low,30.3938791
sc_00705_71cc79d4ce,0.299984108094898,0.994000317838102,0.00019118214991352756,0,high,184.3234235666667
sc_00722_2794d5b11e,7.275104648254443,0.8544979070349111,6.443942696466705e-16,0,medium,185.3264721
sc_00739_af0e90f2b3,1.5009845218429656,0.9699803095631407,6.483546419457878e-05,0,high,278.07451523333333
sc_00756_aa34e859c7,0.6715544133494753,0.9865689117330105,0.00015961222080033364,0,high,118.20384883333332
sc_00773_29ac2caf04,7.130474685183728,0.8573905062963254,1.8261145623913742e-15,0,medium,49.794126649999995
sc_00790_51d0523c66,1.8003703769332022,0.963992592461336,3.955581351527243e-05,0,high,262.09731605
sc_00807_0920cd5a73,1.7359535246973632,0.9652809295060527,4.4327298811672316e-05,0,high,260.88909813333333
sc_00824_fe3b8c9289,3.3839534837847522,0.932320930324305,6.526066408719276e-07,0,medium,260.51563358333334
sc_00841_c67aa0e318,2.3728901782917196,0.9525421964341656,1.1979477467557533e-05,0,medium,182.06100215
sc_00858_3a348fbb96,1.3594710722173369,0.9728105785556532,7.937861284144736e-05,0,high,336.4405496
sc_00875_03a8b2b2e7,38.54789737065448,0.22904205258691035,0.0,0,low,150.40878141666664
sc_00892_7b5b0b96ea,35.15711606685328,0.29685767866293444,8.489474422009129e-273,0,low,88.59280489999999
sc_00909_6f31d9b7d5,15.769506133353618,0.6846098773329277,2.0267083716632863e-58,0,low,251.414614
sc_00926_ebe1c81601,1.2110242534564943,0.9757795149308701,9.606267297739384e-05,0,high,173.00190931666666
sc_00943_a33164bdd3,0.7392807340047597,0.9852143853199048,0.00015216670964055695,0,high,333.9476846833333
sc_00960_ed5471315f,1.9415149360449808,0.9611697012791004,3.0376391255793096e-05,0,high,48.56882775
sc_00977_7bdc40474f,1.5806190178136408,0.9683876196437272,5.734949495338792e-05,0,high,224.67762423333335
sc_00994_268be658d6,2.4596589459599705,0.9508068210808006,9.713908963379486e-06,0,medium,183.04229163333332
sc_01011_265d0080cc,1.1921485406923817,0.9761570291861523,9.826612444890184e-05,0,high,123.76119731666667
sc_01028_80dd70c380,18.510575525403773,0.6297884894919246,8.031380062788138e-79,0,low,299.33645594999996
sc_01045_19d1227b2d,15.583388395198243,0.6883322320960351,3.7479201597303216e-57,0,low,309.99705181666667
sc_01062_ccfe64ec3b,0.47248502363298944,0.9905502995273402,0.00017886073455085962,4,high,245.5611379
sc_01079_fbcb44ada5,7.5280576506479875,0.8494388469870402,9.911153092310338e-17,0,medium,340.76901275
sc_01096_262cad11fc,1.8044661190007045,0.963910677619986,3.9264907178827754e-05,0,high,347.5534410166667
sc_01113_d59737ca80,0.2406090373746102,0.9951878192525078,0.0001942748504792642,0,high,351.2854967
sc_01130_77698852a9,0.887824349083084,0.9822435130183383,0.0001348469918284138,0,high,104.7737763
sc_01147_abe872ebaa,1.4525084170835814,0.9709498316583284,6.96465035853126e-05,0,high,232.85503758333334
sc_01164_cf2b68f7e5,1.295783757664013,0.9740843248467197,8.638150087289038e-05,0,high,264.4799658666667
sc_01181_2dc14e07b4,6.447382061383231,0.8710523587723353,1.8851804178974103e-13,0,medium,146.01204866666666
sc_01198_7d13b34772,27.69923676793921,0.44601526464121577,5.151343231967155e-171,0,low,153.1661636
sc_01215_674500a645,3.7287509194316066,0.9254249816113679,1.9149774835395956e-07,0,medium,42.219071516666666
sc_01232_7ee37e57da,13.219450492765356,0.7356109901446929,2.2775080253064905e-42,0,low,351.0044384
sc_01249_dfdc1f618b,3.1428366166085793,0.9371432676678284,1.4333296925082175e-06,0,medium,30.829985933333333
sc_01266_6a200b5c70,0.11784074019759955,0.997643185196048,0.00019859644393281753,0,critical,265.77985348333334
sc_01283_6ab20a80df,30.674207839461854,0.38651584321076293,1.0140310381921261e-208,0,low,216.5759934
sc_01300_f3245cac03,8.280047918673004,0.8343990416265399,2.6003717865323864e-19,0,low,333.09007675
sc_01317_ccdb65388e,1.4833933772105634,0.9703321324557888,6.655970920352745e-05,0,medium,210.12851223333334
sc_01334_6491e1f360,1.4604985706744198,0.9707900285865116,6.884075757961803e-05,0,medium,351.61787855
sc_01351_a55ae2c10c,1.4740048043919027,0.9705199039121619,6.749009953115245e-05,0,high,161.20968908333333
sc_01368_50cbb0481a,0.534226959995179,0.9893154608000965,0.0001733880970714331,0,high,198.19323445
sc_01385_d3a4c7069f,0.30705099653898305,0.9938589800692204,0.00019077255898817383,0,high,187.60626353333333
sc_01402_bdfc2bc6f6,0.9466749859116635,0.9810665002817667,0.00012776152142131772,0,high,179.98435114999998
sc_01419_8488eba1db,3.7781780804351963,0.9244364383912961,1.5907431880808426e-07,0,medium,306.0158521
sc_01436_7cb75d75c5,0.815258640070145,0.9836948271985971,0.00014344149840443208,0,high,41.5025274
sc_01453_6e0bd88507,21.058027678132838,0.5788394464373432,1.044064298313984e-100,0,low,241.02724665
sc_01470_85fb261fc2,35.623480190174696,0.2875303961965061,5.77655621489755e-280,0,low,253.60040651666668
sc_01487_2fb9d6f29d,30.488759601799913,0.3902248079640017,2.9431443537980374e-206,0,low,279.5013852833333
sc_01504_557d5682de,1.081873423306841,0.9783625315338632,0.00011139147919275383,0,high,222.93953003333334
sc_01521_65720fa6b5,1.6745195985706562,0.9665096080285869,4.9222439913680994e-05,0,medium,187.16682896666669
sc_01538_ada554d123,22.924427958930664,0.5415114408213867,1.5672508088357766e-118,0,low,39.97088835
sc_01555_a2f77d6dce,4.486184314579903,0.9102763137084019,8.53396420368882e-09,0,medium,238.93472803333333
sc_01572_674df8f154,29.197425437617852,0.41605149124764296,1.5985284981528544e-189,0,low,134.86487553333333
sc_01589_60580584cc,0.609843625622877,0.9878031274875425,0.0001660487369407539,0,high,269.35269208333335
sc_01606_b6707b9c26,5.462590121212224,0.8907481975757555,6.637193879746616e-11,0,medium,76.0528597
sc_01623_ba9744dd8c,1.0426252180929654,0.9791474956381407,0.0001161332277064264,0,medium,253.61521141666665
sc_01640_3e64bb40be,1.2599310233891257,0.9748013795322175,9.04306847673978e-05,0,medium,279.3647442833333
sc_01657_d8d41fbd26,1.1722671831830744,0.9765546563363385,0.00010060288154166997,0,high,225.12667851666666
sc_01674_ab63002561,7.851034477060861,0.8429793104587828,8.272600723417754e-18,0,medium,41.5049256
sc_01691_b72738f355,30.82048018070601,0.3835903963858798,1.1298302594672092e-210,0,low,280.1133444166666
sc_01708_968fa849a3,30.365341520780316,0.3926931695843937,1.2575696838274442e-204,0,low,155.71856871666665
sc_01725_b1b6028fad,0.07106830288447072,0.9985786339423106,0.00019947566964385592,0,critical,84.47849835000001
sc_01742_32eaf6918c,0.39147469730793155,0.9921705060538414,0.00018523009594039415,0,critical,288.7647438
sc_01759_1e7d90cdc0,0.9694340612466524,0.9806113187750669,0.00012500617766692755,0,high,191.90887518333332
sc_01776_fa527865d0,5.580549545912731,0.8883890090817455,3.460569567094006e-11,0,medium,50.34647005
sc_01793_fbb8cb126f,0.2617950984854821,0.9947640980302903,0.00019324377238249917,0,critical,282.728433
sc_01810_1a50b1d620,0.9084561075123753,0.9818308778497525,0.0001323715024983922,0,high,356.61147545
sc_01827_9a45060bc8,0.21616669547055734,0.9956766660905888,0.00019536228127860813,0,high,36.182944066666664
sc_01844_b13a5605db,4.318991487300888,0.9136201702539822,1.7815368932829572e-08,0,medium,345.2784809833333
sc_01861_c2ad08f92f,2.0753803292149495,0.958492393415701,2.3215750629028847e-05,0,medium,207.22154611666667
sc_01878_29e7b0cefa,27.629668386952325,0.44740663226095345,3.5291291762886566e-170,0,low,255.3464773
sc_01895_5f27465c8e,0.3753833929955122,0.9924923321400898,0.0001863763600810882,0,critical,140.89423440000002
sc_01912_98dd93168c,2.711145305339343,0.9457770938932132,5.070454288844738e-06,0,medium,241.64981183333333
sc_01929_c4a4cdf9f8,14.112992469525805,0.7177401506094838,1.134152633733345e-47,0,low,40.743175883333336
sc_01946_ee94869e7a,5.696677224884574,0.8860664555023086,1.798044307823835e-11,0,medium,325.21610168333336
sc_01963_3f163bd115,1.4807434382395466,0.9703851312352091,6.682160294876695e-05,0,high,323.7446836333333
sc_01980_5f891b63ea,8.880461907564179,0.8223907618487164,1.5062673796094178e-21,0,low,122.74874273333333
sc_01997_1369636bcb,0.16273065341518048,0.9967453869316963,0.00019734985407734575,0,critical,256.93227558333336
sc_02014_a1d1fb91f9,1.4713638462991065,0.9705727230740179,6.775307337534104e-05,0,high,333.13272928333333
sc_02031_43e859c06b,1.1304583406272732,0.9773908331874546,0.00010556355958329072,0,high,157.25090858333334
sc_02048_2542565b0b,7.18650332770803,0.8562699334458395,1.2228084265650422e-15,0,medium,286.8839268666667
sc_02065_e5b236cf90,0.6483169725049884,0.9870336605499003,0.0001620785244744483,0,high,277.7517843166667
sc_02082_395393d104,0.5480268256006993,0.989039463487986,0.0001720982760329883,0,high,180.8999118
sc_02099_aaa69837fd,1.6064230831532975,0.9678715383369341,5.503937440422853e-05,0,high,220.5599319833333
sc_02116_f32da381cf,7.685054816660645,0.8462989036667871,3.0028815221177396e-17,0,low,298.1616766166666
sc_02133_4c6e267b48,2.6652159227179872,0.9466956815456402,5.736702382805727e-06,0,medium,112.56027518333333
sc_02150_835b15cddc,27.473907867759262,0.45052184264481476,2.5777906129787877e-168,0,low,318.61130936666666
sc_02167_3aac244b2d,3.616179423580374,0.9276764115283925,2.895273052073143e-07,0,medium,310.1424459333333
sc_02184_4c8383f5e3,7.494252575160136,0.8501149484967973,1.2775770848069146e-16,0,medium,138.87302593333334
sc_02201_442136624d,9.968431121574719,0.8006313775685057,5.312580583486427e-26,0,low,272.26090583333337
sc_02218_b3d0ff20b7,5.834118343085484,0.8833176331382904,8.141392104679922e-12,0,low,110.16319441666666
sc_02235_e92965b491,1.4219930652491164,0.9715601386950177,7.276872970049026e-05,0,high,173.4845719666667
sc_02252_a09f6c626b,8.34669318430067,0.8330661363139866,1.4943077260492803e-19,0,low,100.59984764999999
sc_02269_c6f872033d,0.2597027087807841,0.9948059458243843,0.00019334922214639646,0,critical,100.45876108333333
sc_02286_c0b0bfee29,1.1787158251874648,0.9764256834962507,9.984323788931846e-05,0,high,73.47252213333333
sc_02303_ca556fe5e1,2.1658401027013094,0.9566831979459738,1.9163745063152616e-05,0,medium,180.44269775
sc_02320_945a59b7a7,1.2770468113136624,0.9744590637737267,8.848867933197782e-05,0,high,33.34635483333333
sc_02337_b85729d529,29.52189448809399,0.40956211023812017,1.1665788829256363e-193,0,low,259.1582831833333
sc_02354_00f5d35f78,0.3746823995702789,0.9925063520085944,0.0001864253591457105,1,critical,89.81943096666667
sc_02371_7bcd4387e1,5.876567624615808,0.8824686475076838,6.349848382640376e-12,0,medium,164.52482653333334
sc_02388_e84f7abc3d,1.0799701616497321,0.9784005967670053,0.00011162085524765425,0,high,253.5271855
sc_02405_f02e832e79,34.36119040321326,0.3127761919357348,8.764783254292843e-261,0,low,99.48756593333333
sc_02422_e1a895ea04,4.758878192454053,0.904822436150919,2.4197011917988403e-09,0,medium,53.4672042
sc_02439_0154101bb8,5.594214237387264,0.8881157152522547,3.206214554698107e-11,0,medium,231.41631726666668
sc_02456_7a1a72e503,0.020656577347039986,0.9995868684530592,0.00019993734566364394,0,critical,81.30821263333334
sc_02473_f8d14ff6ed,1.2687638109787944,0.9746247237804241,8.942649899110478e-05,0,high,202.18083658333336
sc_02490_fb3c363ea1,4.9580805530049155,0.9008383889399016,9.193579534299372e-10,0,medium,194.44669131666666
sc_02507_7619dbf01e,3.128352745872247,0.937432945082555,1.4999191413095436e-06,0,medium,99.82366529999999
sc_02524_0dd97397b2,2.607880245561141,0.9478423950887772,6.672787588439275e-06,0,medium,217.36072716666666
sc_02541_0a1037abd1,4.615528723628561,0.9076894255274288,4.737383598999907e-09,0,medium,235.39309886666666
sc_02558_01700a3379,2.689540819079586,0.9462091836184083,5.375029745937931e-06,0,medium,64.67373195
sc_02575_8b64eaa025,29.813107830846146,0.40373784338307706,2.066192399313979e-197,0,low,37.85074521666666
sc_02592_a5eb6a20a1,1.0380136685048633,0.9792397266299028,0.00011669165770527063,0,high,282.01147003333335
sc_02609_284c8e0491,0.03289974076237195,0.9993420051847526,0.0001998718136254851,0,critical,320.30383509999996
sc_02626_94167a3d93,27.689488208549584,0.4462102358290083,6.747760314522873e-171,0,low,110.00139091666667
sc_02643_ba0ebdfdaf,1.007477783881173,0.9798504443223766,0.0001203931183332153,0,high,199.74251421666668
sc_02660_18307e277c,27.849254828646174,0.4430149034270765,7.990120318698065e-173,0,low,270.62177395
sc_02677_7ddae9cbe4,1.9039658820218395,0.9619206823595632,3.2650349750437664e-05,0,high,149.51633168333333
sc_02694_5dbfe45973,5.063117760054709,0.8987376447989058,5.431735234946083e-10,0,medium,69.29228696666668
sc_02711_70a01697ef,0.8633005883149325,0.9827339882337014,0.00013777345135641765,0,high,306.18937339999997
sc_02728_2fadf2d320,0.40977018357445466,0.9918045963285109,0.00018387753486185995,0,high,144.14471036666666
sc_02745_4925e56f57,1.9960253007643736,0.9600794939847125,2.7285571795778037e-05,0,high,80.47354829999999
sc_02762_ae7be5cf78,34.36644605409626,0.3126710789180749,7.316672268812453e-261,0,low,65.66706555
sc_02779_551ae2c904,0.055741238066335415,0.9988851752386733,0.00019966959672232796,0,critical,242.3687912
sc_02796_4e816eea37,14.111527333513042,0.7177694533297392,1.1578445229038323e-47,0,low,144.37480474999998
sc_02813_3d94765f9d,12.870840458680455,0.7425831908263909,2.1492642525101042e-40,0,low,303.3015472833333
sc_02830_749acd3a1a,1.9337707483252344,0.9613245850334953,3.0835594021490056e-05,0,high,128.50796403333334
sc_02847_cb193f71d4,7.5269004236546575,0.8494619915269068,9.997857588912855e-17,0,medium,206.23043015
sc_02864_214bb37193,0.8943982476031019,0.982112035047938,0.00013405943579252653,0,high,294.291019
sc_02881_989b91eb4f,0.5630125065295165,0.9887397498694097,0.00017067167435465649,0,high,350.32549226666663
sc_02898_a8ffcec639,6.62353083061327,0.8675293833877346,5.962626799531508e-14,0,medium,84.84078563333334
sc_02915_866db83a8a,0.10873095193092003,0.9978253809613816,0.00019880148274205306,0,critical,222.15379829999998
sc_02932_6a45817b8e,3.6462014998611894,0.9270759700027762,2.5962664923155485e-07,0,medium,35.91565928333333
sc_02949_24403212d6,2.6645548644741432,0.9467089027105171,5.746816307329259e-06,0,medium,359.44910725000005
sc_02966_1c6062841d,3.0226785958867612,0.9395464280822647,2.0758717961038095e-06,0,medium,261.0275791
sc_02983_ad90821ba8,0.055862016957700385,0.9988827596608459,0.00019966825115648278,0,critical,184.50941645
sc_03000_4e1b1573aa,16.482786389337043,0.6703442722132591,2.0503834983769787e-63,0,low,174.05009418333333
sc_03017_337dddca78,33.64037783888561,0.3271924432222878,3.8499015781246073e-250,0,low,143.12750211666668
sc_03034_a25e483559,6.2658730039961155,0.8746825399200777,5.975654510599588e-13,0,medium,103.52092023333333
sc_03051_94b89d33f1,0.0424184940305792,0.9991516301193885,0.00019980018600844712,0,critical,41.17741158333333
sc_03068_22a684244f,0.2459474848045214,0.9950810503039096,0.0001940227292169644,0,critical,57.62426001666667
sc_03085_45c0bf626b,0.5618424033090523,0.9887631519338189,0.00017078401880063037,0,high,119.01891065
sc_03102_4ff209afdf,0.30742478392216527,0.9938515043215567,0.0001907506538016531,0,critical,301.62778426666665
sc_03119_241d5241e8,0.326262470087652,0.993474750598247,0.0001896156433773033,0,critical,101.13083893333334
sc_03136_420abc00ab,4.553027674327177,0.9089394465134565,6.309008598900395e-09,0,medium,311.00865581666665
sc_03153_4505937300,7.6277669809527655,0.8474446603809447,4.655957988017431e-17,0,medium,102.5268679
sc_03170_73f11c545e,0.924914789636164,0.9815017042072767,0.00013038954326548754,0,high,138.12089845
sc_03187_87eb32b9dc,1.3598106192323052,0.9728037876153539,7.934197887333505e-05,0,high,237.6492943833333
sc_03204_1b12f92408,2.357009098376835,0.9528598180324633,1.2437911326956142e-05,0,medium,105.83742118333333
sc_03221_423bb84f55,19.778105026107394,0.6044378994778521,2.3294160047784385e-89,0,low,172.04674343333332
sc_03238_ee8cdbe6e2,0.6173053136843586,0.9876538937263128,0.0001652903290686424,0,high,58.93638193333334
sc_03255_5df8d1d486,3.226562767282918,0.9354687446543416,1.097883471236826e-06,0,medium,171.01331205
sc_03272_a8842dd7e0,0.3964799788907768,0.9920704004221844,0.00018486522457110874,0,critical,249.42311601666668
sc_03289_52d968d4a8,15.591670799430958,0.6881665840113809,3.2940300351945904e-57,0,low,291.3292216
sc_03306_0023b0d9a7,29.87339536981192,0.40253209260376155,3.418822835738806e-198,0,low,42.13776798333333
sc_03323_4b63617cf4,1.5675484840579261,0.9686490303188415,5.854151114035918e-05,0,high,186.92631153333332
sc_03340_8b9bc17f6e,17.698635789901864,0.6460272842019628,1.9418470674575152e-72,0,low,128.15480325000001
sc_03357_736136523d,8.354322040404968,0.8329135591919006,1.4020908530468373e-19,0,low,84.95651665
sc_03374_c11b6be17e,1.1524481572069687,0.9769510368558606,0.00010294711339934909,0,high,195.82098388333333
sc_03391_e3a31f216b,0.367030629072432,0.9926593874185513,0.0001869550783201773,0,critical,189.20654543333333
sc_03408_63dd2da639,17.101254465326495,0.65797491069347,6.338626954791508e-68,0,low,317.4328040333333
sc_03425_3764a681e8,5.5538344151890895,0.8889233116962182,4.015438594751985e-11,0,medium,255.78779930000002
sc_03442_271521dbb9,0.7263116482417249,0.9854737670351655,0.00015361960359708257,0,high,332.90104611666663
sc_03459_2a5007f8a9,0.3520816049547266,0.9929583679009054,0.00018796256877146877,0,critical,182.07081293333334
sc_03476_81f77731bd,4.800077854279092,0.9039984429144181,1.9872482028642804e-09,0,medium,71.6837776
sc_03493_e631e38efd,22.12861128418269,0.5574277743163463,9.548793165759207e-111,0,low,165.2001899
sc_03510_3fc3fc0af5,14.720353134528407,0.7055929373094318,1.7877926637466008e-51,0,low,357.9896387333334
sc_03527_2690d8c3ac,24.140463902846307,0.5171907219430738,5.867862687845184e-131,0,low,184.75767265000002
sc_03544_c3444d58fa,38.067324925924346,0.2386535014815131,4.56853e-319,0,low,181.85230413333332
sc_03561_c0b62dd18c,0.7944064141626065,0.9841118717167479,0.00014586888161034544,0,high,251.15537375
sc_03578_c01ae9a47f,18.228449592108614,0.6354310081578277,1.4298917936311658e-76,0,low,148.29619481666666
sc_03595_171a57bd47,6.779588178618707,0.8644082364276259,2.0954914132585393e-14,0,medium,147.75925506666667
sc_03612_052b27112b,1.354312977163444,0.9729137404567311,7.993607482013421e-05,0,high,331.57879968333333
sc_03629_70b796499d,0.5963888386190563,0.9880722232276189,0.00016740153544700777,0,high,230.13299425
sc_03646_63e339c047,34.58460439503956,0.3083079120992087,3.9651335886971055e-264,0,low,110.11219045
sc_03663_57998fc976,0.9811746171436845,0.9803765076571264,0.0001235830855369705,0,high,317.72451678333334
sc_03680_375602380e,1.5140862475882086,0.9697182750482358,6.35675678220067e-05,0,high,358.01528025
sc_03697_924c9c5b27,1.11704476842708,0.9776591046314584,0.00010716666585385008,0,high,125.12510128333334
sc_03714_885dc8ed05,8.763836651110699,0.824723266977786,4.2140205856820886e-21,0,low,271.40286803333333
sc_03731_ee8e2d71da,7.5183393400533305,0.8496332131989334,1.066285457976663e-16,0,low,162.75501301666665
sc_03748_9f9cb31263,0.25620099677155667,0.9948759800645689,0.00019352393071983903,0,critical,317.83976108333337
sc_03765_3007fcbde3,3.5051298967551605,0.9298974020648968,4.299285746057554e-07,0,medium,236.02505501666667
sc_03782_7badbbb764,3.1722068307190723,0.9365558633856186,1.3063962309664589e-06,0,medium,135.77855858333334
sc_03799_4e2f37cc75,2.2136743970332406,0.9557265120593352,1.7258162098922186e-05,0,medium,162.20921238333332
sc_03816_2b4f1ff24f,0.764562819910085,0.9847087436017983,0.00014930160335637643,0,high,88.91841256666666
sc_03833_48e6983295,0.037360758325125365,0.9992527848334974,0.00019984049596821502,0,critical,189.12911258333332
sc_03850_b004f0b7cd,5.509623981263801,0.889807520374724,5.127828499457086e-11,0,medium,312.85697795000004
sc_03867_7d72b8729a,0.13813178259440054,0.9972373643481119,0.00019808141455260496,0,critical,111.71373633333333
sc_03884_9e498168c1,7.338795946036599,0.8532240810792681,4.0462800778399815e-16,0,low,109.26934096666668
sc_03901_a424003c03,1.9659420763856141,0.9606811584722877,2.8960895088318613e-05,0,high,144.39778711666668
sc_03918_ed1e4e0c7b,0.25906340264343203,0.9948187319471313,0.00019338128376793028,0,high,114.8620253
sc_03935_0f7147901e,27.112634355353,0.45774731289294,4.932975191011449e-164,0,low,91.03413511666666
sc_03952_e62ff9a1fb,34.50182066931452,0.3099635866137096,6.919090652801322e-263,0,low,342.35079878333335
sc_03969_424da64077,3.031827848981928,0.9393634430203615,2.01917067799978e-06,0,medium,335.9927183666667
sc_03986_35e6c215e6,0.22308596838560774,0.9955382806322879,0.00019506565320886438,0,critical,52.123668683333335
sc_04003_3369d67a07,0.5230456830570664,0.9895390863388587,0.0001744158962837248,0,high,63.8515512
sc_04020_37ef83399a,0.2585879714750435,0.9948282405704991,0.0001934050791540039,0,critical,172.35451296666668
sc_04037_7a457dbf48,0.9769376090294304,0.9804612478194114,0.00012409675469739114,0,high,301.0157408833333
sc_04054_d00c50b58e,5.52347032133968,0.8895305935732064,4.7507662691120155e-11,0,medium,92.08500188333333
sc_04071_62bd072be1,1.957335673803312,0.9608532865239338,2.9453932734954896e-05,0,high,183.47685855
sc_04088_b77cb289f3,25.3132362999066,0.493735274001868,1.4984689957895586e-143,0,low,79.19921451666667
sc_04105_a50bd0be7f,15.665057682633131,0.6866988463473374,1.0463516440163246e-57,0,low,88.01936458333333
sc_04122_d34fcc954a,1.8909623596298195,0.9621807528074036,3.3465893570334546e-05,0,high,45.226268166666664
sc_04139_082bca1e44,1.9512069741817255,0.9609758605163655,2.9808792040066044e-05,0,high,137.24010221666668
sc_04156_9920156328,30.20362304086589,0.3959275391826822,1.6838478854244584e-202,0,low,170.34640149999998
sc_04173_dd5201585e,6.155993169826282,0.8768801366034744,1.1823412692377123e-12,0,medium,112.46932941666667
sc_04190_40d9ce6f80,0.5050115431336801,0.9898997691373264,0.0001760400969652461,0,high,327.1657325833333
sc_04207_112b600d10,0.18684424238500832,0.9962631151522998,0.00019651990648697298,0,critical,359.97710036666666
sc_04224_fcb1509b01,0.7097444459391261,0.9858051110812175,0.00015545774628401908,0,high,158.09806065
sc_04241_87a7fffd88,2.3270051031622554,0.9534598979367549,1.3343264384574416e-05,0,medium,265.29182588333333
sc_04258_801482fb21,5.477465677239364,0.8904506864552127,6.118565633017025e-11,0,medium,55.134168683333336
sc_04275_12c8c6d384,4.021336369409562,0.9195732726118088,6.163365255162053e-08,0,medium,143.91058704999998
sc_04292_caa4bceb86,0.335480786778982,0.9932903842644204,0.00018903823935114574,0,high,359.6715766666667
sc_04309_1f7593934f,0.22726089392356946,0.9954547821215286,0.0001948823799261553,0,critical,343.94106725
sc_04326_361cb594da,3.518650677062926,0.9296269864587414,4.099931040485736e-07,0,medium,60.98276046666667
sc_04343_efdd624d9c,15.24074138783457,0.6951851722433087,7.3625088531841e-55,0,low,231.6896523
sc_04360_76b9de8bff,10.10151533444718,0.7979696933110564,1.3975416458358112e-26,0,low,172.49887296666665
sc_04377_e5cb19ede0,0.6371982035778536,0.9872560359284429,0.00016324087900672092,0,high,286.78686036666664
sc_04394_ceb9dd6cf5,1.640646536828798,0.967187069263424,5.206492069243241e-05,0,high,211.6958863
sc_04411_d5e2898a94,31.187680765050473,0.3762463846989905,1.2858432960994692e-215,0,low,195.10727461666664
sc_04428_c20342f30c,14.183967158411384,0.7163206568317724,4.1553112790690314e-48,0,low,273.77179201666667
sc_04445_3673bffe93,1.9695829012343766,0.9606083419753124,2.875417323117401e-05,0,high,343.4553257
sc_04462_399c5cb1e0,14.664061400803153,0.706718771983937,4.087562525192841e-51,0,low,225.76651673333333
sc_04479_337ec8f09d,1.1553089773477476,0.9768938204530451,0.00010260787510968962,0,high,158.77012128333334
sc_04496_2f37bc7828,4.584640763540268,0.9083071847291946,5.460596465930601e-09,0,medium,323.61238828333336
sc_04513_e9e966b517,37.571673845389036,0.24856652309221927,6.3085599848477e-311,0,low,194.20003893333333
sc_04530_6de2c870e1,0.05405971979465406,0.998918805604107,0.0001996880284600425,0,critical,75.15058056666666
sc_04547_5266a5f8a0,17.42281716371979,0.6515436567256041,2.463444498549723e-70,0,low,145.96346651666667
sc_04564_c1921580de,1.6735298003541692,0.9665294039929166,4.9304058309338716e-05,0,medium,101.01146433333334
sc_04581_9507ad467e,39.534188569641124,0.20931622860717747,0.0,0,low,104.62899831666667
sc_04598_94b27a8ff1,24.490332621450154,0.510193347570997,1.1863710869828868e-134,0,low,212.46877438333334
sc_04615_1c809d0c68,26.49421858535286,0.47011562829294273,7.782291724733167e-157,0,low,211.34109410000002
sc_04632_f27f8fd164,24.53316285366581,0.5093367429266837,4.152644500922602e-135,0,low,356.6239426
sc_04649_8d0f50cefd,14.815645135196466,0.7036870972960707,4.3773141689670814e-52,0,low,95.7810618
sc_04666_76d9d237ff,16.60556870781173,0.6678886258437654,2.6898423267184988e-64,0,low,247.81110416666667
sc_04683_7e830f0c18,0.351727089505228,0.9929654582098955,0.00018798601725873487,0,high,81.46742123333334
sc_04700_31d353b6de,1.592810725701787,0.9681437854859642,5.625085310095992e-05,0,high,340.2609351666667
sc_04717_8fbdf556ed,3.7761818422131097,0.9244763631557378,1.6027817573652805e-07,0,medium,66.75267766666667
sc_04734_814f3d9b28,2.3325093300759123,0.9533498133984818,1.3173266184796114e-05,0,medium,125.33942256666666
sc_04751_8baca8359c,4.859394213367837,0.9028121157326432,1.492268070594498e-09,0,medium,35.48719236666667
sc_04768_93ba030dc3,0.3037536856385018,0.99392492628723,0.00019096474572077892,0,critical,86.0398774
sc_04785_3ba928d290,0.3531108445295701,0.9929377831094086,0.00018789437522368467,0,critical,161.2013301
sc_04802_dec3ab6544,38.7509660113727,0.2249806797725461,0.0,0,low,134.51853795
sc_04819_2a44f51601,25.839287832330793,0.48321424335338414,2.1530122981192807e-149,0,low,225.01467116666666
sc_04836_815a41caa5,29.004200891440288,0.4199159821711942,4.4208965090621805e-187,0,low,54.81876346666666
sc_04853_3ac46f6b6a,18.653777482038244,0.626924450359235,5.613663347177885e-80,0,low,175.45390313333334
sc_04870_38ac3e72a3,0.17033835767447628,0.9965932328465105,0.0001971000059039638,0,high,261.1915212166667
sc_04887_a0d25c32d7,2.556656246442899,0.948866875071142,7.61636012878812e-06,0,medium,349.01131738333333
sc_04904_d8f7058a7e,23.84712902586076,0.5230574194827848,6.680873642424914e-128,0,low,240.5703088666667
sc_04921_671ad363d0,1.3853890330217629,0.9722922193395648,7.66049687386232e-05,0,medium,132.20994853333335
sc_04938_52ad4750c1,5.9109027545644,0.881781944908712,5.186655133418892e-12,0,medium,39.82085848333334
sc_04955_6e0389da42,27.993690590729994,0.44012618818540017,1.4167067211019062e-174,0,low,253.1760551
sc_04972_177d38c167,1.8659691542089187,0.9626806169158216,3.507438191261622e-05,0,high,324.3666792833334
sc_04989_9d36098361,39.40716073534131,0.21185678529317387,0.0,0,low,198.46759796666666
sc_05006_15bfcf7139,0.18447492911383692,0.9963105014177233,0.00019660636315608427,0,critical,314.54906550000004
sc_05023_78b73dbac7,15.246903142852982,0.6950619371429403,6.702505723308666e-55,0,low,334.58085466666665
sc_05040_93a4ab818b,1.4043347116022895,0.9719133057679542,7.460727170379846e-05,0,high,61.69135961666667
sc_05057_e1210523fe,0.09645582914266781,0.9980708834171467,0.0001990519753329181,0,critical,30.532046816666664
sc_05074_36e6c45c1d,0.15353186591265636,0.9969293626817469,0.0001976371024466342,0,critical,339.24012056666663
sc_05091_98b4da303f,0.9580269073968347,0.9808394618520633,0.00012638786597716866,0,high,65.32418361666666
sc_05108_860018cd09,1.4044325864322391,0.9719113482713552,7.459701838001475e-05,0,high,85.35610183333333
sc_05125_36b6e19f34,1.366569216979262,0.9726686156604147,7.861441074052185e-05,0,high,183.34920318333334
sc_05142_178699ffcd,0.7667512384439138,0.9846649752311217,0.0001490516713114656,0,high,259.93839035
sc_05159_4e7d7c177c,5.579393409005146,0.8884121318198971,3.48296435104028e-11,0,low,225.89275703333334
sc_05176_e307fc2e02,4.375496503479019,0.9124900699304196,1.3935575755714593e-08,0,medium,349.5217509166667
sc_05193_6ff2146658,6.941999458029483,0.8611600108394104,6.8772186054700755e-15,0,medium,70.88971728333333
sc_05210_86a36375c5,0.28872141740450863,0.9942255716519098,0.00019181694594299105,0,critical,53.8274384
sc_05227_62c2d8ca06,7.876150845970182,0.8424769830805964,6.790087246200128e-18,0,medium,111.60924846666667
sc_05244_4feb7963d8,2.0939454630166034,0.9581210907396679,2.23345047080824e-05,0,medium,166.93689833333335
sc_05261_13641b9eb1,0.6474973498075747,0.9870500530038485,0.00016216460880591612,0,high,136.61194241666666
sc_05278_2d0c75f756,3.8009514361094263,0.9239809712778115,1.4592299193564164e-07,0,medium,159.49495675
sc_05295_d59748e418,22.035220328753645,0.5592955934249271,7.507291091171004e-110,0,low,121.94141488333334
sc_05312_b1d39322f2,7.918582323933044,0.8416283535213391,4.856899934556573e-18,0,medium,331.1063996166667
sc_05329_ac94f5a878,1.2877563044181386,0.9742448739116373,8.728181437479406e-05,0,medium,243.08242588333331
sc_05346_dd0a65a139,26.995531170812118,0.4600893765837576,1.1718393087798156e-162,0,low,105.05552503333334
sc_05363_92f8580428,7.461722529436072,0.8507655494112786,1.629381239593101e-16,0,medium,141.23766734999998
sc_05380_03a2516778,7.283726413232198,0.854325471735356,6.051979680081981e-16,0,medium,134.51181421666666
sc_05397_ba9414e9b5,4.43014329404288,0.9113971341191424,1.0955800675051091e-08,0,medium,321.06485376666666
sc_05414_28af742acb,4.462918143028736,0.9107416371394252,9.470192716306119e-09,0,medium,180.2695412
sc_05431_be8de4dee2,1.3879245332465961,0.972241509335068,7.633613548696687e-05,0,high,249.03141781666667
sc_05448_c1ce40b53b,3.4792239532941247,0.9304155209341175,4.706328043613356e-07,0,medium,129.23037366666668
sc_05465_4b3c0a1b63,0.30676736008776356,0.9938646527982448,0.0001907891649218301,0,critical,251.58124085
sc_05482_2800e8d08d,0.35345972048408864,0.9929308055903182,0.0001878712204695274,0,critical,115.53002571666666
sc_05499_6820e7d050,1.3222545682028106,0.9735549086359437,8.343986636300611e-05,0,medium,195.19073935
sc_05516_d52e50e75e,4.54393500760205,0.909121299847959,6.575379124453973e-09,0,medium,40.56662133333334
sc_05533_df771efcac,7.420432625322285,0.8515913474935543,2.2153513052556791e-16,0,medium,77.69339436666668
sc_05550_89452fdc58,1.85728485146088,0.9628543029707824,3.56459779464745e-05,0,high,309.6296974333334
sc_05567_197ba2ca1c,0.9475564847844062,0.9810488703043119,0.00012765491086750186,0,high,338.4446559666667
sc_05584_ea0e32eca5,1.6267076758761114,0.9674658464824778,5.326400292959868e-05,0,high,300.3863573666667
sc_05601_b6a933c84a,4.486334997785313,0.9102733000442937,8.528197735820744e-09,0,medium,43.98488283333334
sc_05618_5db4568677,0.5520701737042397,0.9889585965259152,0.00017171598650308817,0,high,66.93548971666667
sc_05635_250606a5fc,1.7568359467762333,0.9648632810644753,4.27400067490955e-05,0,medium,134.15820511666666
sc_05652_606d3aca15,1.1934376287152564,0.9761312474256949,9.811516014319798e-05,0,high,352.24354655
sc_05669_554b3cfa77,15.271156424400873,0.6945768715119826,4.629444599532575e-55,0,low,72.00615393333332
sc_05686_67f18350b3,0.9125718230174061,0.9817485635396519,0.00013187642906297846,0,high,179.9518533
sc_05703_05ed534faa,0.2791205406086762,0.9944175891878265,0.0001923404787719458,0,critical,121.85099913333333
sc_05720_fde5b285c2,5.928260425773281,0.8814347914845344,4.68023877766755e-12,0,low,138.25509863333335
sc_05737_4593c4ca87,1.2887619521187412,0.9742247609576252,8.716882225186518e-05,0,high,121.96301641666668
sc_05754_d1e9f17652,25.429157727374683,0.4914168454525063,7.915657865042738e-145,0,low,316.93892796666665
sc_05771_85c87e8ace,0.23430164987197177,0.9953139670025606,0.00019456600923253677,0,high,33.20685271666667
sc_05788_cab5f28c98,20.904008674652705,0.5819198265069458,2.6424020721332912e-99,0,low,115.09163403333334
sc_05805_93b5933756,0.2728170991341268,0.9945436580173175,0.00019267532295825932,0,critical,66.17821131666668
sc_05822_d1dfce43ec,10.866841404570568,0.7826631719085886,4.581572909015522e-30,0,low,349.56006526666664
sc_05839_377ace4606,0.35901776197770957,0.9928196447604458,0.00018749964252648383,0,critical,198.16395378333334
sc_05856_25a50cb934,1.001934998323468,0.9799613000335307,0.00012106537510095714,0,high,282.70088276666667
sc_05873_4bbf0d55bb,1.838022876396476,0.9632395424720704,3.6937312683680776e-05,0,high,33.3856927
sc_05890_a3bc25f413,1.0167018180417102,0.9796659636391658,0.00011927452358109543,0,high,58.34411198333333
sc_05907_e23fb95e48,0.2906746463095822,0.9941865070738084,0.0001917084485312245,0,high,154.3002350333333
sc_05924_a7086c5ba3,0.3102105327112744,0.9937957893457745,0.00019058664018450046,0,critical,73.77596551666667
sc_05941_3ab0232d47,3.3363247809549863,0.9332735043809003,7.658586525567422e-07,0,medium,175.48804348333334
sc_05958_642b8a02c8,1.5228989249249714,0.9695420215015006,6.272265795421193e-05,0,high,228.91243618333334
sc_05975_dccdd3a3b0,15.195175783254504,0.69609648433491,1.47279478088603e-54,0,low,60.238917083333334
sc_05992_881ec49b23,1.1384997614118209,0.9772300047717636,0.00010460499677291298,0,high,125.6834238
sc_06009_8cf47aff38,23.67820685136856,0.5264358629726288,3.697728653479591e-126,0,low,115.9884728
sc_06026_6ed862da91,0.23730511316757624,0.9952538977366485,0.00019442827492291415,0,high,99.6879618
sc_06043_6fd2b8818f,0.6978293647044329,0.9860434127059113,0.00015676671463718645,0,high,166.91214911666665
sc_06060_45410b7b2f,2.3172531607271223,0.9536549367854575,1.3648842539064782e-05,0,medium,246.19977373333333
sc_06077_ee39dfc451,5.28272592011573,0.8943454815976855,1.744305339460437e-10,0,medium,206.97130763333334
sc_06094_a5e61014d8,0.7374310871877773,0.9852513782562444,0.00015237464452210462,0,high,51.37923186666667
sc_06111_cc171cc4ac,0.4377171454630116,0.9912456570907398,0.0001817130511232555,4,high,221.42901583333332
sc_06128_cf2572f79c,1.2046377128855936,0.9759072457422882,9.680647787507372e-05,0,medium,251.4283583333333
sc_06145_4329df246d,0.7193118258526268,0.9856137634829475,0.0001543987417130107,0,high,170.82908118333336
sc_06162_c21f493ffb,0.21090298714732242,0.9957819402570536,0.0001955819670461317,0,critical,142.33821348333333
sc_06179_b748f0e430,11.758598432350688,0.7648280313529863,1.9063567681788252e-34,0,low,341.1384219166667
sc_06196_9428adcb6c,27.836221486994457,0.4432755702601109,1.1485133414567211e-172,0,low,88.51486821666667
sc_06213_72f64c7e56,30.02875837634256,0.39942483247314886,3.259723605877922e-200,0,low,47.44286571666667
sc_06230_15aa19b757,1.8898036026566927,0.9622039279468662,3.3539273426602484e-05,0,high,249.7240274
sc_06247_5c2134c217,1.7826712955595962,0.9643465740888081,4.0830027444692305e-05,0,medium,272.88145435
sc_06264_8f317751b2,0.8418461933404328,0.9831630761331913,0.00014031645949189123,0,high,50.07431236666666
sc_06281_9d443e4bf7,1.3277006806073561,0.9734459863878528,8.283999312589582e-05,0,high,209.95615529999998
sc_06298_3275fd3abb,6.036830978280546,0.8792633804343891,2.444610446291243e-12,0,medium,111.56459741666666
sc_06315_6827da2682,0.021620173500867843,0.9995675965299826,0.00019993327361706614,0,critical,136.10132919999998
sc_06332_6a764d12da,1.7201104317521387,0.9655977913649573,4.55575037658203e-05,0,high,315.59118471666665
sc_06349_5d97f9ff22,3.3650006273888224,0.9326999874522235,6.957039037835208e-07,0,medium,66.54441775000001
sc_06366_b5b74819c6,6.02072365330821,0.8795855269338358,2.6938827359902094e-12,0,medium,45.40091978333333
sc_06383_469b5607f5,7.1142462522064385,0.8577150749558713,2.0498440394252922e-15,0,medium,330.4470549833333
sc_06400_6f3f5b794a,34.12930701274765,0.317413859745047,2.4608622194660574e-257,0,low,58.1413528
sc_06417_d78b0a247b,27.15825459483665,0.456834908103267,1.4306667548962297e-164,0,low,154.75932341666666
sc_06434_56cb746f35,0.2899196967069894,0.9942016060658602,0.0001917504637061924,0,critical,183.81055553333331
sc_06451_da7a810168,3.970797312927715,0.9205840537414457,7.542549011659708e-08,0,medium,271.48915991666667
sc_06468_2632a75740,4.421820035448516,0.9115635992910297,1.136688114439256e-08,0,medium,242.3101599
sc_06485_8db92dff2b,1.531189761639899,0.969376204767202,6.193364338125848e-05,0,high,171.06328466666668
sc_06502_070e645b69,1.269890430603371,0.9746021913879326,8.92987188952465e-05,0,high,182.4823969
sc_06519_12edd75301,0.14211169464229978,0.997157766107154,0.00019797099189017614,0,critical,216.69085641666666
sc_06536_648f3f1e5a,0.9160100544298441,0.9816797989114031,0.00013146256196082967,0,high,30.098642066666667
sc_06553_a5135ad6f3,5.375031741124654,0.8924993651775069,1.0666458852243782e-10,0,medium,277.1234068
sc_06570_9ef5da549e,2.7036700224391166,0.9459265995512177,5.174108384534521e-06,0,medium,115.1137082
sc_06587_0aee0ecef7,0.2988831933682034,0.9940223361326359,0.0001912451773695362,0,critical,218.45943616666668
sc_06604_5458a97236,0.8172666460412502,0.983654667079175,0.0001432066051885551,0,high,85.66904533333333
sc_06621_662cf5804c,0.3754906630540722,0.9924901867389185,0.00018636885501924628,0,critical,180.07196188333333
sc_06638_2bf207bd8c,38.67332793638638,0.22653344127227237,0.0,0,low,168.67414581666665
sc_06655_4252d9403f,0.3405665654086662,0.9931886686918266,0.00018871357276116968,0,critical,334.08661283333333
sc_06672_f4cf68363e,1.316685891254492,0.9736662821749101,8.405515393575575e-05,0,high,229.06392403333334
sc_06689_628906dbd2,5.760451103022857,0.8847909779395429,1.247826646570463e-11,0,low,323.3042663833333
sc_06706_954081b03a,1.3937605161023816,0.9721247896779524,7.57190895323331e-05,0,high,291.39962226666665
sc_06723_1a2c0f0740,1.5440137804744467,0.9691197243905111,6.0724502453025126e-05,0,high,156.58747636666666
sc_06740_bf788f8be1,19.57788786932258,0.6084422426135484,1.1971287251187794e-87,0,low,46.6190999
sc_06757_667d0af2a4,3.1422015102263865,0.9371559697954723,1.4361929505351026e-06,0,medium,136.2186475
sc_06774_a2afa204d1,0.8008824615541815,0.9839823507689164,0.00014511740150417477,0,high,196.36024015
sc_06791_ed945a42b3,6.848481118549957,0.8630303776290009,1.310483496122506e-14,0,medium,117.6265299
sc_06808_42a905c861,2.6181583372697372,0.9476368332546052,6.495980073969039e-06,0,medium,144.87238998333333
sc_06825_8287f4d504,1.1359854074840245,0.9772802918503195,0.00010490450553368739,0,medium,103.20403818333332
sc_06842_a7ca994544,2.0141071327016395,0.9597178573459673,2.6314139325110892e-05,0,medium,350.48574088333334
sc_06859_6381fb051e,0.24015810148409963,0.995196837970318,0.00019429590843820537,0,critical,51.10967336666667
sc_06876_66aac477fc,1.3719814773511505,0.9725603704529769,7.803402048771742e-05,0,high,133.44009408333332
sc_06893_8d25c9641a,31.472773781790387,0.3705445243641923,1.6999846841480263e-219,0,low,219.78612918333334
sc_06910_9077596a79,0.19652756154253967,0.9960694487691492,0.00019615550966220065,0,critical,355.08844643333333
sc_06927_7f9ed6f749,0.39709752069600024,0.99205804958608,0.0001848199364496628,0,critical,299.85425226666666
sc_06944_ea5dbc577d,7.463796877441613,0.8507240624511677,1.604354543818458e-16,0,medium,208.23722056666665
sc_06961_a6abd95b54,0.4051562466205987,0.9918968750675881,0.0001842235169146423,0,high,134.97306883333334
sc_06978_5ec96a4bf2,10.14912731613454,0.7970174536773091,8.630145883311321e-27,0,low,42.34029486666667
sc_06995_73732221ef,0.32956265113919697,0.993408746977216,0.000189410578345406,0,critical,248.1543446
sc_07012_ce3bbba201,1.5342331266878406,0.9693153374662432,6.164544917855685e-05,0,high,214.61750178333332
sc_07029_fb08e8b004,1.1720545947928758,0.9765589081041425,0.00010062795116846735,0,high,215.60909498333334
sc_07046_106ae6a787,23.537876901923315,0.5292424619615337,1.0152477103949651e-124,0,low,173.1155429
sc_07063_439830c4df,0.21858426301606537,0.9956283147396787,0.00019525965174358982,0,critical,224.00755089999998
sc_07080_48b8efe432,29.020794714882985,0.4195841057023403,2.731804493475132e-187,0,low,107.26088696666667
sc_07097_f2aa5e1fcb,27.160577947714405,0.4567884410457119,1.3431881429506e-164,0,low,252.39452051666666
sc_07114_6e600cb457,10.054465945259823,0.7989106810948036,2.2452808601096783e-26,0,low,100.99431575
sc_07131_6a36dac9e8,0.2936902174020323,0.9941261956519594,0.00019153962608006963,0,high,258.0142947
sc_07148_13620b697a,31.173304559881636,0.37653390880236726,2.0130019255307118e-215,0,low,260.0242619
sc_07165_2566660e61,0.18882685454131495,0.9962234629091737,0.000196446742423574,0,critical,84.07284546666666
sc_07182_9b2a2608e8,1.8747739518114508,0.962504520963771,3.450155541965559e-05,0,high,39.843929216666666
sc_07199_39d88b8dde,12.16117151314016,0.7567765697371969,1.5466910470045112e-36,0,low,41.644997733333334
sc_07216_684b2a03f4,39.74928602163023,0.20501427956739537,0.0,0,low,69.84774014999999
sc_07233_31180b5d60,32.08048078740877,0.3583903842518247,6.993190974152917e-228,0,low,190.18279345000002
sc_07250_d63256fa83,0.8932752067807674,0.9821344958643846,0.00013419406077841217,0,high,199.16229406666668
sc_07267_22a9d7dd2d,1.6764405570636873,0.9664711888587263,4.906428659034481e-05,0,high,302.64229290000003
sc_07284_77ddc37d90,16.51621397952685,0.669675720409463,1.1812148772866712e-63,0,low,86.21570305
sc_07301_4e524df825,1.3950202777334983,0.97209959444533,7.558621144470826e-05,0,high,352.2248985
sc_07318_2fc4a6a1ed,7.476512640656687,0.8504697471868663,1.4589869151600437e-16,0,low,270.6034835
sc_07335_539248db6c,0.8712184080208477,0.9825756318395831,0.00013683072276530619,0,high,53.9057283
sc_07352_16a9526b66,0.054432419427638594,0.9989113516114472,0.0001996839917137583,0,critical,102.90072143333333
sc_07369_dc755e8980,1.5042867990380866,0.9699142640192383,6.451457177596e-05,0,high,136.33672821666667
sc_07386_057c83a550,0.15415343777494128,0.9969169312445012,0.00019761820633734022,0,high,161.373372
sc_07403_030a7029ec,1.7524857270716343,0.9649502854585673,4.3067463494757934e-05,0,high,104.09017036666667
sc_07420_cc10932af7,12.726038401324121,0.7454792319735175,1.3710755946000924e-39,0,low,312.1285643
sc_07437_e506a2c997,11.840560866242976,0.7631887826751405,7.248202433589337e-35,0,low,186.2470356
sc_07454_21a7a5e343,28.853741161928447,0.42292517676143104,3.432820595766345e-185,0,low,265.9408811166667
sc_07471_a532a130b4,2.2764107824592603,0.9544717843508148,1.4991050994432058e-05,0,medium,32.429112016666664
sc_07488_ce754d8667,0.5140191963021236,0.9897196160739575,0.0001752340859222737,0,high,340.0465094
sc_07505_f9b519b1e1,1.213945572319703,0.975721088553606,9.572304950162583e-05,0,high,74.10719366666667
sc_07522_48a3b0a681,0.1328483742280589,0.9973430325154389,0.00019822324759329317,0,critical,143.56831625
sc_07539_2edc1848b2,26.886046452870037,0.46227907094259924,2.23736584860604e-161,0,low,239.62133663333333
sc_07556_812c25c040,0.8861695298381905,0.9822766094032362,0.00013504504840122043,0,high,168.75703514999998
sc_07573_59c75e44da,14.625237452386127,0.7074952509522774,7.217113610884423e-51,0,low,176.27652255
sc_07590_2bcedfc5a6,2.2868448688375578,0.9542631026232489,1.4638413004281066e-05,0,medium,120.47369501666667
sc_07607_819220bbef,1.4208873148160832,0.9715822537036783,7.288318301880912e-05,0,high,316.4136547666667
sc_07624_2dd71aba43,0.23316314734826565,0.9953367370530347,0.00019461778591700672,0,critical,187.89730558333335
sc_07641_681bcd0ab1,1.0386188519276869,0.9792276229614463,0.00011661836231996125,0,high,37.18509986666666
sc_07658_3256286094,30.43079864240222,0.39138402715195564,1.7197774892548693e-205,0,low,195.11660553333334
sc_07675_bbf36e72dd,0.6279402210162045,0.9874411955796759,0.00016419957758276728,0,high,243.01331498333332
sc_07692_94c4ef06b0,23.816606613382778,0.5236678677323445,1.3826432105789899e-127,0,low,239.93081339999998
sc_07709_61cf78e3ed,0.20815410193318132,0.9958369179613363,0.000195694637552905,0,critical,324.55921324999997
sc_07726_283907ce5c,0.3773605769068061,0.9924527884618639,0.00018623773232599616,0,high,332.5385938333333
sc_07743_f92e11ab84,28.15926580682883,0.43681468386342337,1.3568977648620343e-176,0,low,124.98307088333333
sc_07760_395ebed523,13.23286415570395,0.735342716885921,1.90729955656827e-42,0,low,36.60840983333333
sc_07777_211c44d335,25.850681503629083,0.4829863699274184,1.603883882578243e-149,0,low,340.83549588333335
sc_07794_7a254ad296,0.1529568837672538,0.996940862324655,0.00019765451582686794,0,critical,186.11700266666668
sc_07811_6652e8e2f0,3.408987599542418,0.9318202480091516,5.994157467162486e-07,0,medium,176.19403958333334
sc_07828_867ffc5930,1.64017908661025,0.967196418267795,5.210485597930664e-05,0,high,57.926289233333335
sc_07845_7799739c01,1.1025051116452964,0.9779498977670941,0.00010890973073747687,0,high,106.09150583333333
sc_07862_95d92e364f,0.8720151948244749,0.9825596961035105,0.0001367357373040109,0,high,217.75854148333335
sc_07879_6cbddc3a37,29.8405848442462,0.4031883031150759,9.104983276240542e-198,0,low,47.44246718333333
sc_07896_82e55ea006,0.1738426416475179,0.9965231471670496,0.00019698119167169156,0,critical,304.55330003333336
sc_07913_d90b8370e3,6.475410575104496,0.8704917884979101,1.572927136889613e-13,0,medium,279.14695271666665
sc_07930_bd7a44a18a,0.9960048231030005,0.98007990353794,0.00012178463087798389,0,high,152.93707883333335
sc_07947_7cb450b0ab,0.2609445667753888,0.9947811086644922,0.00019328673159562938,0,high,312.47670808333334
sc_07964_82b0e23fee,1.0456467973496324,0.9790870640530074,0.00011576744826296724,0,high,184.89067591666665
sc_07981_8dcf0e6046,0.3518193587501615,0.9929636128249968,0.00018797991634592938,0,critical,220.62118581666667
sc_07998_8ce9faf4cc,6.546877775839575,0.8690624444832085,9.877275116080578e-14,0,low,154.8205082
sc_08015_9bc77dc5fe,7.699733488460693,0.8460053302307862,2.6822862151143114e-17,0,medium,50.93181261666667
sc_08032_e79eb2715d,5.63516669771784,0.8872966660456432,2.5476683731379653e-11,0,medium,143.62035851666667
sc_08049_8c4ffdd87f,1.5702128276449872,0.9685957434471002,5.829734054469315e-05,0,medium,336.1622285166667
sc_08066_c2177277b3,20.060418819154222,0.5987916236169155,8.418677735273811e-92,0,low,180.78660721666665
sc_08083_7a291add0a,39.627343450931406,0.20745313098137186,0.0,0,low,194.55425111666668
sc_08100_7427ebcac5,5.415713340985652,0.891685733180287,8.564567990508343e-11,0,medium,188.52538786666668
sc_08117_5f6b3062ae,5.060386352395343,0.8987922729520932,5.507346747970016e-10,0,medium,113.3941201
sc_08134_5d71501659,6.102888175425743,0.8779422364914852,1.6371680732686543e-12,0,medium,316.53364750000003
sc_08151_36a2fa5f66,0.6974002206427342,0.9860519955871453,0.00015681364935619184,0,high,150.10369586666667
sc_08168_de669ddeb6,0.47114458625096944,0.9905771082749806,0.00017897387737208394,1,high,126.8510401
sc_08185_bf07e47e15,2.0688396660610255,0.9586232066787795,2.3532503027563686e-05,0,medium,272.20823475000003
sc_08202_9a21cb93a7,7.998179028069044,0.8400364194386192,2.57797144623891e-18,0,medium,132.0183343
sc_08219_6554bd5c05,5.718483899936608,0.8856303220012678,1.5876400510345445e-11,0,low,275.33494626666663
sc_08236_75e9cb391b,1.0332195419776953,0.979335609160446,0.00011727239982685229,0,high,222.89534478333334
sc_08253_85acad82a7,2.378775828517849,0.952424483429643,1.1813146846461125e-05,0,medium,37.05755153333334
sc_08270_70be29ea40,18.8316505990268,0.623366988019464,2.0023009302839403e-81,0,low,272.3796919166667
sc_08287_0f87fa9838,6.434069717838944,0.8713186056432212,2.0539322184708443e-13,0,medium,124.90220056666666
sc_08304_683a97992e,3.9873664869742025,0.9202526702605159,7.061353040231386e-08,0,medium,337.5776968
sc_08321_b05c64f714,6.1105706054354405,0.8777885878912912,1.562142278231936e-12,0,low,299.5588723166667
sc_08338_1cb592af50,1.4221783007783748,0.9715564339844325,7.274956534461501e-05,0,high,73.92913473333333
sc_08355_2b33e05e08,0.9957513671806763,0.9800849726563865,0.00012181537148835552,0,high,343.1270056
sc_08372_a7399e6f0f,1.8639205068063234,0.9627215898638736,3.5208630468465736e-05,0,high,100.09919406666667
sc_08389_4944f173fb,0.6433222597645584,0.9871335548047089,0.0001626021301694139,0,high,289.55722826666664
sc_08406_3828c6ddf9,0.4390000481596167,0.9912199990368077,0.0001816108998368882,4,high,94.2027422
sc_08423_bf09a9b524,3.028581328379829,0.9394283734324034,2.0391305369539453e-06,0,medium,353.6210926
sc_08440_ed8b55ea0b,0.8772184352766712,0.9824556312944666,0.0001361149503251171,0,high,240.3159603
sc_08457_9d1b870098,2.799768542716187,0.9440046291456763,3.971950648120226e-06,0,medium,245.9570952
sc_08474_d78cb62747,3.9305118134865085,0.9213897637302698,8.843638336269041e-08,0,medium,83.53995345
sc_08491_327cc09744,0.2295559451046182,0.9954088810979076,0.00019478025780734725,0,high,264.5102749833333
sc_08508_c65751d131,1.2479829938024083,0.9750403401239518,9.179560865029238e-05,0,medium,306.2857250833333
sc_08525_e306f129c5,1.639519327216037,0.9672096134556792,5.216125339452421e-05,0,medium,42.689733133333334
